id,state,county,category,profit,quantity,sales,label
36061,NY,New York County,Subscriptions,36105.5058,632,109316.106,"New York County, NY"
36061,NY,New York County,Training,20624.7864,2065,71361.006,"New York County, NY"
06037,CA,Los Angeles County,Training,15653.5018,1933,57349.474,"Los Angeles County, CA"
06037,CA,Los Angeles County,Subscriptions,15374.0214,685,80874.652,"Los Angeles County, CA"
53269,WA,King County,Subscriptions,14367.1985,315,46878.264,"King County, WA"
53269,WA,King County,Training,10674.2926,1001,37805.88,"King County, WA"
06075,CA,San Francisco County,Training,9621.2494,1220,42253.152,"San Francisco County, CA"
26305,MI,Wayne County,Training,8915.6139,381,23481.705,"Wayne County, MI"
18157,IN,Tippecanoe County,Subscriptions,8399.976,5,17499.95,"Tippecanoe County, IN"
13049,GA,Fulton County,Training,6961.9982,178,16178.88,"Fulton County, GA"
06075,CA,San Francisco County,Subscriptions,6394.755,316,34058.632,"San Francisco County, CA"
53269,WA,King County,Consulting,6327.8789,382,41481.634,"King County, WA"
10003,DE,New Castle County,Subscriptions,6222.802,52,14475.44,"New Castle County, DE"
27053,MN,Hennepin County,Training,6126.4555,70,13918.52,"Hennepin County, MN"
36061,NY,New York County,Consulting,5306.6915,720,75691.049,"New York County, NY"
06037,CA,Los Angeles County,Consulting,3778.1278,697,64715.477,"Los Angeles County, CA"
17075,IL,Cook County,Subscriptions,3746.9593,232,25003.767,"Cook County, IL"
26305,MI,Wayne County,Consulting,3680.1003,143,17931.76,"Wayne County, MI"
44007,RI,Providence County,Subscriptions,3604.7903,27,8222.45,"Providence County, RI"
51013,VA,Arlington County,Subscriptions,3595.5054,31,11423.51,"Arlington County, VA"
06073,CA,San Diego County,Subscriptions,3450.3732,152,20159.226,"San Diego County, CA"
36119,NY,Westchester County,Subscriptions,3057.5533,37,6968.11,"Westchester County, NY"
26071,MI,Jackson County,Training,3045.4681,71,6990.083,"Jackson County, MI"
34029,NJ,Ocean County,Subscriptions,2863.4673,24,10953.8,"Ocean County, NJ"
10003,DE,New Castle County,Training,2839.857,236,8065.23,"New Castle County, DE"
29063,MO,Greene County,Subscriptions,2675.7672,31,6325.67,"Greene County, MO"
24061,MD,Howard County,Training,2630.6847,60,6652.69,"Howard County, MD"
26305,MI,Wayne County,Subscriptions,2498.5677,90,9070.962,"Wayne County, MI"
55079,WI,Milwaukee County,Consulting,2444.5515,84,10802.33,"Milwaukee County, WI"
06073,CA,San Diego County,Training,2201.5338,381,8391.936,"San Diego County, CA"
26111,MI,Midland County,Training,2180.8948,36,4727.572,"Midland County, MI"
32019,NV,Clark County,Training,2174.9841,79,6623.246,"Clark County, NV"
13049,GA,Fulton County,Subscriptions,2086.0849,56,5706.95,"Fulton County, GA"
06059,CA,Orange County,Training,2026.9185,176,7827.072,"Orange County, CA"
18093,IN,Marion County,Training,1981.065,122,7089.27,"Marion County, IN"
51059,VA,Fairfax County,Subscriptions,1953.0829,37,7077.16,"Fairfax County, VA"
06067,CA,Sacramento County,Training,1933.2025,16,5171.518,"Sacramento County, CA"
06059,CA,Orange County,Subscriptions,1871.0046,65,7014.782,"Orange County, CA"
21071,KY,Henderson County,Consulting,1848.9281,59,6980.35,"Henderson County, KY"
26071,MI,Jackson County,Subscriptions,1835.8542,41,5531.273,"Jackson County, MI"
13215,GA,Muscogee County,Training,1716.9147,150,6182.93,"Muscogee County, GA"
44007,RI,Providence County,Training,1703.6664,105,6059.91,"Providence County, RI"
21009,KY,Boone County,Subscriptions,1677.9341,18,4023.9,"Boone County, KY"
21071,KY,Henderson County,Training,1646.4857,104,4610.88,"Henderson County, KY"
36089,NY,Nassau County,Training,1628.3852,195,6292.132,"Nassau County, NY"
34127,NJ,Morris County,Training,1592.5256,22,4478.65,"Morris County, NJ"
13215,GA,Muscogee County,Subscriptions,1583.2465,51,5733.77,"Muscogee County, GA"
25009,MA,Essex County,Training,1577.1489,97,4819,"Essex County, MA"
01097,AL,Mobile County,Subscriptions,1530.5898,14,3309.94,"Mobile County, AL"
51059,VA,Fairfax County,Consulting,1521.5956,48,6908,"Fairfax County, VA"
51810,VA,Virginia Beach City,Training,1509.514,34,3314.5,"Virginia Beach City, VA"
06075,CA,San Francisco County,Consulting,1491.381,399,36357.308,"San Francisco County, CA"
18005,IN,Bartholomew County,Training,1491.0019,77,3918.99,"Bartholomew County, IN"
40143,OK,Tulsa County,Consulting,1488.1871,37,5716.43,"Tulsa County, OK"
30013,MT,Cascade County,Subscriptions,1480.5404,13,3322.974,"Cascade County, MT"
48145,TX,Harris County,Subscriptions,1421.7515,262,25616.428,"Harris County, TX"
06073,CA,San Diego County,Consulting,1357.1226,211,22430.774,"San Diego County, CA"
06013,CA,Contra Costa County,Training,1350.8345,82,4990.818,"Contra Costa County, CA"
36019,NY,Chautauqua County,Subscriptions,1285.7715,9,4708.79,"Chautauqua County, NY"
05129,AR,Washington County,Training,1285.7122,28,2754.86,"Washington County, AR"
25007,MA,Middlesex County,Training,1187.0942,105,3812.85,"Middlesex County, MA"
21089,KY,Madison County,Training,1169.136,97,3585.85,"Madison County, KY"
34139,NJ,Union County,Training,1135.2995,46,4236.21,"Union County, NJ"
51059,VA,Fairfax County,Training,1093.9004,113,2643.37,"Fairfax County, VA"
36089,NY,Nassau County,Subscriptions,1061.5669,42,4013.344,"Nassau County, NY"
51087,VA,Henrico County,Training,1048.7026,87,3660.9,"Henrico County, VA"
48439,TX,Tarrant County,Subscriptions,1042.8677,39,5697.792,"Tarrant County, TX"
21071,KY,Henderson County,Subscriptions,1023.4031,22,4069.78,"Henderson County, KY"
06085,CA,Santa Clara County,Training,1013.499,160,3457.494,"Santa Clara County, CA"
13067,GA,Cobb County,Training,995.8386,70,3995.09,"Cobb County, GA"
13049,GA,Fulton County,Consulting,995.618,40,4229.76,"Fulton County, GA"
44001,RI,Kent County,Subscriptions,993.222,8,2251.96,"Kent County, RI"
27053,MN,Hennepin County,Consulting,977.3076,20,3456.92,"Hennepin County, MN"
29071,MO,Jackson County,Training,975.663,6,2417.37,"Jackson County, MO"
25007,MA,Middlesex County,Consulting,966.7952,44,4859.558,"Middlesex County, MA"
36099,NY,Monroe County,Training,947.8153,84,3185.584,"Monroe County, NY"
29063,MO,Greene County,Training,940.5339,106,7441.41,"Greene County, MO"
31035,NE,Douglas County,Subscriptions,939.1262,22,3205.78,"Douglas County, NE"
18305,IN,Wayne County,Subscriptions,933.2592,34,2972.84,"Wayne County, IN"
24510,MD,Baltimore City,Consulting,925.0374,46,4015.832,"Baltimore City, MD"
44007,RI,Providence County,Consulting,913.377,53,5918.756,"Providence County, RI"
21073,KY,Jefferson County,Consulting,901.2301,32,3497.98,"Jefferson County, KY"
25021,MA,Norfolk County,Training,881.3771,55,2584.16,"Norfolk County, MA"
55079,WI,Milwaukee County,Subscriptions,876.5177,60,3488.78,"Milwaukee County, WI"
21089,KY,Madison County,Subscriptions,867.1112,13,2204.35,"Madison County, KY"
48047,TX,Dallas County,Subscriptions,865.5189,123,8388.46,"Dallas County, TX"
51660,VA,Harrisonburg City,Consulting,853.3142,18,4180.84,"Harrisonburg City, VA"
49049,UT,Utah County,Training,849.6785,71,2763.04,"Utah County, UT"
36119,NY,Westchester County,Training,835.5229,66,2520.432,"Westchester County, NY"
13215,GA,Muscogee County,Consulting,803.9607,57,2928.35,"Muscogee County, GA"
27037,MN,Dakota County,Training,803.3257,96,2409.45,"Dakota County, MN"
29009,MO,Boone County,Training,801.6335,24,2098.71,"Boone County, MO"
10003,DE,New Castle County,Consulting,798.5848,57,4461.279,"New Castle County, DE"
55079,WI,Milwaukee County,Training,793.1619,110,2143.84,"Milwaukee County, WI"
25007,MA,Middlesex County,Subscriptions,791.2668,28,2764.51,"Middlesex County, MA"
36029,NY,Erie County,Training,779.9701,14,3070.686,"Erie County, NY"
34031,NJ,Passaic County,Training,775.9686,58,2095.57,"Passaic County, NJ"
25009,MA,Essex County,Subscriptions,767.7616,17,2239.31,"Essex County, MA"
24061,MD,Howard County,Consulting,762.7012,25,3423.06,"Howard County, MD"
51550,VA,Chesapeake City,Consulting,755.1958,18,4553.98,"Chesapeake City, VA"
18093,IN,Marion County,Subscriptions,754.0854,19,1836.4,"Marion County, IN"
51700,VA,Newport News City,Subscriptions,751.9624,8,1599.92,"Newport News City, VA"
28049,MS,Hinds County,Training,740.5299,93,1964.97,"Hinds County, MS"
55025,WI,Dane County,Consulting,715.2744,12,3267.76,"Dane County, WI"
05119,AR,Pulaski County,Subscriptions,710.2027,26,2247.02,"Pulaski County, AR"
21073,KY,Jefferson County,Training,710.1629,61,2275.78,"Jefferson County, KY"
40109,OK,Oklahoma County,Training,707.1975,52,3378.55,"Oklahoma County, OK"
28049,MS,Hinds County,Consulting,682.114,24,3454.94,"Hinds County, MS"
28049,MS,Hinds County,Subscriptions,677.7966,21,2006.7,"Hinds County, MS"
06059,CA,Orange County,Consulting,676.883,97,7146.025,"Orange County, CA"
24033,MD,Prince George's County,Subscriptions,671.7237,14,2273.97,"Prince George's County, MD"
55059,WI,Kenosha County,Subscriptions,654.638,20,2144.8,"Kenosha County, WI"
22055,LA,Lafayette Parish,Consulting,651.8218,28,2751.99,"Lafayette Parish, LA"
11001,DC,District of Columbia,Subscriptions,648.5624,8,1379.92,"District of Columbia, DC"
26071,MI,Jackson County,Consulting,643.8769,20,2898.68,"Jackson County, MI"
01101,AL,Montgomery County,Subscriptions,637.073,10,2374.9,"Montgomery County, AL"
27037,MN,Dakota County,Consulting,619.5094,13,2157.74,"Dakota County, MN"
24510,MD,Baltimore City,Training,617.636,120,1637.97,"Baltimore City, MD"
18005,IN,Bartholomew County,Subscriptions,607.8092,24,2394.76,"Bartholomew County, IN"
09001,CT,Fairfield County,Training,601.4665,66,2270.15,"Fairfield County, CT"
49049,UT,Utah County,Consulting,599.1808,24,4730.5,"Utah County, UT"
06071,CA,San Bernardino County,Training,597.7354,120,1790.172,"San Bernardino County, CA"
51650,VA,Hampton City,Training,592.7841,21,1368.4,"Hampton City, VA"
08031,CO,Denver County,Subscriptions,581.1636,52,4476.586,"Denver County, CO"
36073,NY,Jefferson County,Training,575.7781,22,1746.59,"Jefferson County, NY"
33017,NH,Strafford County,Subscriptions,575.0721,11,2409.89,"Strafford County, NH"
01103,AL,Morgan County,Subscriptions,569.8225,19,1818.82,"Morgan County, AL"
40109,OK,Oklahoma County,Subscriptions,568.674,18,2121.24,"Oklahoma County, OK"
01089,AL,Madison County,Subscriptions,558.7588,8,1439.44,"Madison County, AL"
40109,OK,Oklahoma County,Consulting,547.9931,17,2056.58,"Oklahoma County, OK"
18157,IN,Tippecanoe County,Training,544.5343,33,1604.05,"Tippecanoe County, IN"
55087,WI,Outagamie County,Subscriptions,544.4175,5,1649.75,"Outagamie County, WI"
18093,IN,Marion County,Consulting,539.2464,6,1925.88,"Marion County, IN"
17089,IL,Kane County,Subscriptions,528.9141,26,3337.522,"Kane County, IL"
32019,NV,Clark County,Consulting,524.5705,37,4635.172,"Clark County, NV"
24033,MD,Prince George's County,Training,520.6197,82,2028.95,"Prince George's County, MD"
06065,CA,Riverside County,Training,514.2392,78,1817.774,"Riverside County, CA"
31035,NE,Douglas County,Consulting,511.4316,19,1928.78,"Douglas County, NE"
01097,AL,Mobile County,Consulting,509.757,11,1867.78,"Mobile County, AL"
51013,VA,Arlington County,Training,509.3643,73,1690.75,"Arlington County, VA"
09009,CT,New Haven County,Consulting,505.8072,20,1970.57,"New Haven County, CT"
12011,FL,Broward County,Subscriptions,502.7577,47,3317.184,"Broward County, FL"
45159,SC,Richland County,Consulting,499.4616,11,2389.6,"Richland County, SC"
06001,CA,Alameda County,Training,497.4697,44,1698.192,"Alameda County, CA"
49049,UT,Utah County,Subscriptions,486.6591,13,1916.686,"Utah County, UT"
18305,IN,Wayne County,Training,475.8304,49,1408.66,"Wayne County, IN"
45159,SC,Richland County,Training,474.8786,90,2266.04,"Richland County, SC"
18305,IN,Wayne County,Consulting,472.7724,24,1853.65,"Wayne County, IN"
55035,WI,Douglas County,Training,457.475,31,1126.34,"Douglas County, WI"
22073,LA,Ouachita Parish,Subscriptions,449.7706,25,1503.01,"Ouachita Parish, LA"
01089,AL,Madison County,Training,446.4984,32,1044.93,"Madison County, AL"
49035,UT,Salt Lake County,Training,440.6938,61,1122.326,"Salt Lake County, UT"
05119,AR,Pulaski County,Training,435.3644,58,1291.13,"Pulaski County, AR"
18005,IN,Bartholomew County,Consulting,423.6735,13,1646.65,"Bartholomew County, IN"
06013,CA,Contra Costa County,Subscriptions,422.528,32,3319.51,"Contra Costa County, CA"
45159,SC,Richland County,Subscriptions,414.0375,18,1512.52,"Richland County, SC"
05031,AR,Craighead County,Consulting,408.3288,16,1745.36,"Craighead County, AR"
27123,MN,Ramsey County,Training,402.2606,22,1714.19,"Ramsey County, MN"
06077,CA,San Joaquin County,Training,400.7026,35,968.93,"San Joaquin County, CA"
09001,CT,Fairfield County,Consulting,395.889,10,1858.327,"Fairfield County, CT"
04013,AZ,Maricopa County,Subscriptions,394.5621,118,8340.922,"Maricopa County, AZ"
19061,IA,Dubuque County,Consulting,394.268,10,1408.1,"Dubuque County, IA"
06083,CA,Santa Barbara County,Subscriptions,391.759,14,3528.488,"Santa Barbara County, CA"
31035,NE,Douglas County,Training,391.069,57,1177.97,"Douglas County, NE"
06111,CA,Ventura County,Training,390.6934,41,1530.07,"Ventura County, CA"
36099,NY,Monroe County,Subscriptions,385.4778,13,1363.74,"Monroe County, NY"
35001,NM,Bernalillo County,Training,384.5171,41,943.122,"Bernalillo County, NM"
12086,FL,Miami-Dade County,Subscriptions,382.3755,56,4026.601,"Miami-Dade County, FL"
24061,MD,Howard County,Subscriptions,381.8378,5,886.6,"Howard County, MD"
13025,GA,Clarke County,Subscriptions,378.4238,13,1336.02,"Clarke County, GA"
55025,WI,Dane County,Training,376.321,22,1900.92,"Dane County, WI"
33017,NH,Strafford County,Training,375.4676,31,826.04,"Strafford County, NH"
40101,OK,Muskogee County,Subscriptions,374.3792,8,1439.92,"Muskogee County, OK"
20071,KS,Johnson County,Training,371.6694,26,1369.79,"Johnson County, KS"
55059,WI,Kenosha County,Consulting,368.9408,16,1746.95,"Kenosha County, WI"
01081,AL,Lee County,Training,368.3719,15,1415.85,"Lee County, AL"
40143,OK,Tulsa County,Subscriptions,368.3184,32,1455.96,"Tulsa County, OK"
53061,WA,Snohomish County,Consulting,367.0028,11,1447.97,"Snohomish County, WA"
37133,NC,Onslow County,Training,365.5808,127,2425.359,"Onslow County, NC"
34009,NJ,Essex County,Training,364.6755,57,1902.65,"Essex County, NJ"
21073,KY,Jefferson County,Subscriptions,364.5036,38,1501.63,"Jefferson County, KY"
53073,WA,Whatcom County,Subscriptions,362.835,10,1099.5,"Whatcom County, WA"
18071,IN,Johnson County,Consulting,356.225,5,1424.9,"Johnson County, IN"
11001,DC,District of Columbia,Consulting,350.0835,8,1346.58,"District of Columbia, DC"
34007,NJ,Middlesex County,Training,348.1127,21,1013.87,"Middlesex County, NJ"
09003,CT,Hartford County,Training,347.7434,49,1107.93,"Hartford County, CT"
12059,FL,Orange County,Subscriptions,347.3676,9,1291.92,"Orange County, FL"
34029,NJ,Ocean County,Consulting,339.6338,20,3011.68,"Ocean County, NJ"
06019,CA,Fresno County,Subscriptions,336.5416,20,1419.03,"Fresno County, CA"
51700,VA,Newport News City,Training,332.7337,31,1130.71,"Newport News City, VA"
36073,NY,Jefferson County,Consulting,331.2291,13,2298.408,"Jefferson County, NY"
41101,OR,Lane County,Training,330.0767,126,2759.363,"Lane County, OR"
09009,CT,New Haven County,Training,328.6394,64,941.22,"New Haven County, CT"
33013,NH,Merrimack County,Subscriptions,327.6352,9,1226.91,"Merrimack County, NH"
34029,NJ,Ocean County,Training,323.5724,49,886.56,"Ocean County, NJ"
37183,NC,Wake County,Subscriptions,323.1388,27,3170.488,"Wake County, NC"
51013,VA,Arlington County,Consulting,319.2158,24,1252.5,"Arlington County, VA"
01103,AL,Morgan County,Consulting,316.1392,8,1215.92,"Morgan County, AL"
12073,FL,Leon County,Subscriptions,314.6893,28,6378.596,"Leon County, FL"
06019,CA,Fresno County,Training,311.4723,55,949.752,"Fresno County, CA"
34003,NJ,Bergen County,Consulting,303.5034,15,1066.59,"Bergen County, NJ"
51810,VA,Virginia Beach City,Consulting,302.6769,19,1676.44,"Virginia Beach City, VA"
51650,VA,Hampton City,Consulting,302.2362,22,1127.66,"Hampton City, VA"
26099,MI,Macomb County,Training,301.9825,32,748.37,"Macomb County, MI"
51820,VA,Waynesboro City,Consulting,300.7514,19,1952.01,"Waynesboro City, VA"
06019,CA,Fresno County,Consulting,300.2542,31,5519.7465,"Fresno County, CA"
39059,OH,Franklin County,Training,295.9392,311,3765.846,"Franklin County, OH"
09009,CT,New Haven County,Subscriptions,293.7641,11,926.69,"New Haven County, CT"
22055,LA,Lafayette Parish,Subscriptions,291.4328,8,609.11,"Lafayette Parish, LA"
06061,CA,Placer County,Training,291.0544,38,674.346,"Placer County, CA"
06095,CA,Solano County,Consulting,289.7536,13,1097.24,"Solano County, CA"
29063,MO,Greene County,Consulting,289.288,14,1284.3,"Greene County, MO"
27145,MN,Stearns County,Subscriptions,288.438,9,727.9,"Stearns County, MN"
51550,VA,Chesapeake City,Subscriptions,285.4804,16,780.54,"Chesapeake City, VA"
25009,MA,Essex County,Consulting,283.601,28,2069.792,"Essex County, MA"
34007,NJ,Middlesex County,Subscriptions,280.59,3,597,"Middlesex County, NJ"
34139,NJ,Union County,Subscriptions,279.739,20,764.23,"Union County, NJ"
27123,MN,Ramsey County,Subscriptions,277.294,6,664.94,"Ramsey County, MN"
32019,NV,Clark County,Subscriptions,273.6226,16,2264.662,"Clark County, NV"
34031,NJ,Passaic County,Subscriptions,270.4478,15,980.05,"Passaic County, NJ"
40025,OK,Cleveland County,Subscriptions,269.5287,9,1351.33,"Cleveland County, OK"
33013,NH,Merrimack County,Training,267.4255,43,928.39,"Merrimack County, NH"
09003,CT,Hartford County,Consulting,267.3872,5,1114.48,"Hartford County, CT"
05129,AR,Washington County,Subscriptions,266.1839,16,639.48,"Washington County, AR"
54115,WV,Ohio County,Training,262.8752,15,536.48,"Ohio County, WV"
06065,CA,Riverside County,Subscriptions,260.1669,18,2007.444,"Riverside County, CA"
16083,ID,Twin Falls County,Consulting,259.5297,3,1128.39,"Twin Falls County, ID"
22015,LA,Bossier Parish,Subscriptions,258.696,6,646.74,"Bossier Parish, LA"
09001,CT,Fairfield County,Subscriptions,255.558,11,907.89,"Fairfield County, CT"
06053,CA,Monterey County,Training,254.8203,36,580.634,"Monterey County, CA"
06001,CA,Alameda County,Subscriptions,252.9917,26,1268.62,"Alameda County, CA"
28035,MS,Forrest County,Training,250.8886,17,740.66,"Forrest County, MS"
35001,NM,Bernalillo County,Subscriptions,249.571,24,1277.038,"Bernalillo County, NM"
36083,NY,Rensselaer County,Training,246.9793,40,654.572,"Rensselaer County, NY"
48073,TX,Jefferson County,Subscriptions,242.991,8,879.936,"Jefferson County, TX"
51775,VA,Salem City,Consulting,242.0186,10,1013.7,"Salem City, VA"
18047,IN,Hamilton County,Consulting,241.1046,6,2678.94,"Hamilton County, IN"
53073,WA,Whatcom County,Consulting,239.9058,9,2665.62,"Whatcom County, WA"
21089,KY,Madison County,Consulting,239.3964,6,971.32,"Madison County, KY"
32031,NV,Washoe County,Subscriptions,239.223,17,2872.344,"Washoe County, NV"
20115,KS,Sedgwick County,Training,237.0062,15,529.96,"Sedgwick County, KS"
29009,MO,Boone County,Subscriptions,236.6455,10,497.5,"Boone County, MO"
23019,ME,Penobscot County,Subscriptions,236.0772,12,693.27,"Penobscot County, ME"
53059,WA,Franklin County,Training,235.5344,22,1225.192,"Franklin County, WA"
06065,CA,Riverside County,Consulting,230.9074,15,1168.6,"Riverside County, CA"
38017,ND,Cass County,Training,230.1497,30,919.91,"Cass County, ND"
22019,LA,Calcasieu Parish,Training,228.2658,14,495.45,"Calcasieu Parish, LA"
40143,OK,Tulsa County,Training,225.9521,55,824.11,"Tulsa County, OK"
34127,NJ,Morris County,Subscriptions,225.6,4,480,"Morris County, NJ"
06085,CA,Santa Clara County,Subscriptions,223.6139,22,1954.252,"Santa Clara County, CA"
51820,VA,Waynesboro City,Subscriptions,222.1596,3,854.46,"Waynesboro City, VA"
51550,VA,Chesapeake City,Training,222.1108,38,662.2,"Chesapeake City, VA"
06095,CA,Solano County,Training,221.0401,48,1485.314,"Solano County, CA"
51775,VA,Salem City,Training,216.9125,33,732.09,"Salem City, VA"
51810,VA,Virginia Beach City,Subscriptions,212.6928,9,761.19,"Virginia Beach City, VA"
28027,MS,DeSoto County,Training,210.7976,17,845.48,"DeSoto County, MS"
13067,GA,Cobb County,Subscriptions,210.7098,15,892.35,"Cobb County, GA"
26065,MI,Ingham County,Subscriptions,210.431,3,610.93,"Ingham County, MI"
55035,WI,Eau Claire County,Consulting,209.2714,10,1085.87,"Eau Claire County, WI"
26001,MI,Kent County,Training,206.4883,29,428.15,"Kent County, MI"
55009,WI,Brown County,Subscriptions,206.316,6,468.9,"Brown County, WI"
51800,VA,Suffolk City,Consulting,203.2452,12,982.74,"Suffolk City, VA"
27129,MN,Washington County,Training,202.973,13,632.21,"Washington County, MN"
28035,MS,Forrest County,Consulting,202.3128,11,690.48,"Forrest County, MS"
36029,NY,Erie County,Consulting,200.701,28,5949.21,"Erie County, NY"
05031,AR,Craighead County,Subscriptions,199.9758,9,759.91,"Craighead County, AR"
36011,NY,Cayuga County,Training,198.8666,54,828.988,"Cayuga County, NY"
21127,KY,Scott County,Subscriptions,195.9944,2,699.98,"Scott County, KY"
06071,CA,San Bernardino County,Subscriptions,195.8901,8,1439.006,"San Bernardino County, CA"
09003,CT,Hartford County,Subscriptions,193.5315,5,718.45,"Hartford County, CT"
05031,AR,Craighead County,Training,192.8067,28,410.05,"Craighead County, AR"
33013,NH,Merrimack County,Consulting,192.5664,12,672.33,"Merrimack County, NH"
12113,FL,Polk County,Subscriptions,190.4908,18,1291.552,"Polk County, FL"
21127,KY,Scott County,Training,190.1516,30,1043.84,"Scott County, KY"
27109,MN,Olmsted County,Training,187.9831,36,511.01,"Olmsted County, MN"
51800,VA,Suffolk City,Training,186.567,20,615.16,"Suffolk City, VA"
51087,VA,Henrico County,Subscriptions,185.9994,11,733.02,"Henrico County, VA"
25021,MA,Norfolk County,Subscriptions,185.2068,19,570.78,"Norfolk County, MA"
06111,CA,Ventura County,Consulting,184.2426,19,1635.4175,"Ventura County, CA"
46099,SD,Minnehaha County,Training,182.0923,26,561.54,"Minnehaha County, SD"
27145,MN,Stearns County,Consulting,181.176,4,603.92,"Stearns County, MN"
27109,MN,Olmsted County,Subscriptions,180.7666,7,562.74,"Olmsted County, MN"
40033,OK,Comanche County,Training,180.7329,11,808.51,"Comanche County, OK"
36071,NY,Oneida County,Subscriptions,180.6772,13,749.87,"Oneida County, NY"
28027,MS,DeSoto County,Subscriptions,179.7378,7,523.93,"DeSoto County, MS"
25025,MA,Suffolk County,Training,175.5858,22,471.3,"Suffolk County, MA"
51087,VA,Henrico County,Consulting,175.041,15,747.34,"Henrico County, VA"
55063,WI,La Crosse County,Subscriptions,174.9825,5,499.95,"La Crosse County, WI"
37035,NC,Cumberland County,Training,172.6365,86,2138.204,"Cumberland County, NC"
06085,CA,Santa Clara County,Consulting,170.2999,39,2062.895,"Santa Clara County, CA"
48023,TX,Cameron County,Training,169.7669,27,815.32,"Cameron County, TX"
48127,TX,Walker County,Subscriptions,167.1353,19,1787.848,"Walker County, TX"
06007,CA,Butte County,Consulting,167.0218,24,1957.316,"Butte County, CA"
17087,IL,Macon County,Subscriptions,166.6305,13,888.696,"Macon County, IL"
01077,AL,Lauderdale County,Consulting,163.7874,14,1819.86,"Lauderdale County, AL"
16001,ID,Ada County,Consulting,163.1138,4,738.38,"Ada County, ID"
48303,TX,Lubbock County,Subscriptions,161.9919,3,479.976,"Lubbock County, TX"
19113,IA,Polk County,Subscriptions,161.0838,6,611.94,"Polk County, IA"
19113,IA,Linn County,Training,159.6688,19,343.45,"Linn County, IA"
45019,SC,Dorchester County,Training,157.3632,8,327.84,"Dorchester County, SC"
09011,CT,New London County,Training,154.9876,6,391.84,"New London County, CT"
06071,CA,San Bernardino County,Consulting,153.4726,35,4335.9675,"San Bernardino County, CA"
51510,VA,Alexandria City,Training,153.1246,48,4879.79,"Alexandria City, VA"
30063,MT,Missoula County,Training,152.495,2,487.984,"Missoula County, MT"
23019,ME,Penobscot County,Training,152.2044,15,361.7,"Penobscot County, ME"
27109,MN,Olmsted County,Consulting,151.4543,7,883.65,"Olmsted County, MN"
35015,NM,Eddy County,Training,151.0621,31,352.3,"Eddy County, NM"
26125,MI,Oakland County,Consulting,151.0236,5,580.86,"Oakland County, MI"
31091,NE,Dodge County,Training,150.076,27,1023.13,"Dodge County, NE"
06083,CA,Santa Barbara County,Training,149.8616,16,514.05,"Santa Barbara County, CA"
34031,NJ,Passaic County,Consulting,149.4806,22,1066.496,"Passaic County, NJ"
04019,AZ,Pima County,Subscriptions,149.226,43,2624.45,"Pima County, AZ"
53061,WA,Snohomish County,Training,148.8158,40,520.296,"Snohomish County, WA"
55035,WI,Eau Claire County,Training,146.2564,9,319.88,"Eau Claire County, WI"
05091,AR,Miller County,Consulting,145.2816,6,605.34,"Miller County, AR"
17201,IL,Winnebago County,Subscriptions,143.9968,4,1439.968,"Winnebago County, IL"
05129,AR,Washington County,Consulting,141.4648,9,352.77,"Washington County, AR"
19113,IA,Polk County,Training,135.8867,38,326.72,"Polk County, IA"
24101,MD,Montgomery County,Subscriptions,135.7915,7,502.43,"Montgomery County, MD"
01097,AL,Mobile County,Training,135.4824,27,285.27,"Mobile County, AL"
37129,NC,New Hanover County,Training,134.8326,34,440.786,"New Hanover County, NC"
46099,SD,Minnehaha County,Subscriptions,133.8966,6,392.94,"Minnehaha County, SD"
47119,TN,Maury County,Training,133.6191,35,1494.548,"Maury County, TN"
24510,MD,Baltimore City,Subscriptions,133.5246,18,503.04,"Baltimore City, MD"
37071,NC,Gaston County,Subscriptions,131.382,12,700.704,"Gaston County, NC"
41101,OR,Lane County,Subscriptions,130.5064,30,1416.565,"Lane County, OR"
26065,MI,Ingham County,Training,129.1492,15,690.396,"Ingham County, MI"
28035,MS,Forrest County,Subscriptions,128.868,10,291.7,"Forrest County, MS"
06067,CA,Sacramento County,Consulting,128.6962,13,1724.842,"Sacramento County, CA"
24033,MD,Prince George's County,Consulting,128.072,28,1363.921,"Prince George's County, MD"
37183,NC,Wake County,Training,126.9613,44,1422.796,"Wake County, NC"
12127,FL,Volusia County,Subscriptions,124.4096,11,734.776,"Volusia County, FL"
18099,IN,Monroe County,Training,123.2638,25,341,"Monroe County, IN"
53061,WA,Snohomish County,Subscriptions,123.142,7,661.462,"Snohomish County, WA"
06029,CA,Kern County,Training,122.9767,33,327.738,"Kern County, CA"
53059,WA,Franklin County,Consulting,121.99,5,975.92,"Franklin County, WA"
01101,AL,Montgomery County,Consulting,121.9794,18,935.98,"Montgomery County, AL"
19113,IA,Polk County,Consulting,121.1484,11,1219.3,"Polk County, IA"
06077,CA,San Joaquin County,Consulting,120.8034,12,751.992,"San Joaquin County, CA"
26161,MI,Washtenaw County,Subscriptions,120.0474,8,649.11,"Washtenaw County, MI"
35043,NM,Sandoval County,Consulting,119.5878,7,1114.192,"Sandoval County, NM"
37081,NC,Guilford County,Subscriptions,119.3364,8,1387.152,"Guilford County, NC"
36071,NY,Oneida County,Training,117.9168,35,269.58,"Oneida County, NY"
18071,IN,Johnson County,Training,115.5072,14,240.15,"Johnson County, IN"
35111,NM,San Juan County,Consulting,114.6285,9,545.85,"San Juan County, NM"
08001,CO,Adams County,Subscriptions,114.2134,21,627.032,"Adams County, CO"
01103,AL,Morgan County,Training,114.1264,25,340.08,"Morgan County, AL"
37119,NC,Mecklenburg County,Training,114.1021,162,4351.988,"Mecklenburg County, NC"
13067,GA,Cobb County,Consulting,112.9291,8,441.49,"Cobb County, GA"
26111,MI,Midland County,Consulting,112.788,3,563.94,"Midland County, MI"
51700,VA,Newport News City,Consulting,112.3508,4,591.32,"Newport News City, VA"
26161,MI,Washtenaw County,Training,108.8684,15,240.163,"Washtenaw County, MI"
17033,IL,Lake County,Subscriptions,108.6274,9,629.528,"Lake County, IL"
16005,ID,Bannock County,Consulting,107.0936,8,390.36,"Bannock County, ID"
48121,TX,Denton County,Subscriptions,106.8511,21,1766.144,"Denton County, TX"
18047,IN,Hamilton County,Subscriptions,106.5564,7,399.68,"Hamilton County, IN"
27053,MN,Hennepin County,Subscriptions,105.8316,3,377.97,"Hennepin County, MN"
04019,AZ,Pima County,Training,104.8588,69,1017.116,"Pima County, AZ"
51510,VA,Alexandria City,Consulting,104.4522,20,267.46,"Alexandria City, VA"
32031,NV,Washoe County,Training,104.3657,19,333.678,"Washoe County, NV"
30013,MT,Cascade County,Training,102.1667,17,1282.606,"Cascade County, MT"
12073,FL,Leon County,Training,101.9967,51,479.017,"Leon County, FL"
39047,OH,Hamilton County,Subscriptions,101.346,10,1012.988,"Hamilton County, OH"
17043,IL,Dupage County,Subscriptions,100.5424,9,387.128,"Dupage County, IL"
56021,WY,Laramie County,Consulting,100.196,4,1603.136,"Laramie County, WY"
22055,LA,Lafayette Parish,Training,99.0357,25,2044.65,"Lafayette Parish, LA"
39089,OH,Licking County,Consulting,98.9818,39,1789.734,"Licking County, OH"
13019,GA,Cherokee County,Subscriptions,98.1396,13,272.61,"Cherokee County, GA"
48479,TX,Webb County,Subscriptions,95.9487,13,817.52,"Webb County, TX"
22073,LA,Ouachita Parish,Training,95.238,24,225.2,"Ouachita Parish, LA"
48381,TX,Randall County,Subscriptions,94.4692,10,650.56,"Randall County, TX"
16001,ID,Ada County,Training,93.3919,10,290.396,"Ada County, ID"
53173,WA,Thurston County,Consulting,91.869,8,759.17,"Thurston County, WA"
45019,SC,Charleston County,Consulting,91.6308,8,560.7,"Charleston County, SC"
21009,KY,Boone County,Consulting,90.588,2,301.96,"Boone County, KY"
55073,WI,Marathon County,Training,90.4306,14,317.48,"Marathon County, WI"
34003,NJ,Bergen County,Training,90.34,10,191.6,"Bergen County, NJ"
37063,NC,Durham County,Training,90.2905,29,528.232,"Durham County, NC"
24101,MD,Montgomery County,Consulting,90.0168,5,346.44,"Montgomery County, MD"
53063,WA,Spokane County,Subscriptions,89.2134,9,1077.54,"Spokane County, WA"
49035,UT,Salt Lake County,Subscriptions,88.452,20,310.418,"Salt Lake County, UT"
48023,TX,Cameron County,Subscriptions,88.1804,7,251.944,"Cameron County, TX"
34009,NJ,Essex County,Subscriptions,85.665,6,271.77,"Essex County, NJ"
37021,NC,Buncombe County,Subscriptions,85.2475,5,1363.96,"Buncombe County, NC"
06001,CA,Alameda County,Consulting,85.0165,42,3019.606,"Alameda County, CA"
01077,AL,Lauderdale County,Training,84.8715,10,177.49,"Lauderdale County, AL"
12097,FL,Osceola County,Subscriptions,84.5982,2,751.984,"Osceola County, FL"
06107,CA,Tulare County,Training,84.563,12,310.86,"Tulare County, CA"
01081,AL,Lee County,Consulting,84.2352,1,350.98,"Lee County, AL"
25025,MA,Suffolk County,Consulting,83.2508,2,361.96,"Suffolk County, MA"
08014,CO,Broomfield County,Consulting,83.128,10,731.312,"Broomfield County, CO"
27027,MN,Clay County,Consulting,81.583,5,479.9,"Clay County, MN"
47161,TN,Rutherford County,Consulting,81.4735,10,843.584,"Rutherford County, TN"
41051,OR,Multnomah County,Subscriptions,81.1417,30,2496.351,"Multnomah County, OR"
37139,NC,Union County,Consulting,81.1352,11,1033.24,"Union County, NC"
19113,IA,Linn County,Subscriptions,80.736,3,278.4,"Linn County, IA"
51820,VA,Waynesboro City,Training,80.4748,10,252.3,"Waynesboro City, VA"
25047,MA,Worcester County,Training,79.5016,20,217.49,"Worcester County, MA"
27003,MN,Anoka County,Subscriptions,78.9516,3,281.97,"Anoka County, MN"
39173,OH,Wood County,Subscriptions,77.2963,11,1066.924,"Wood County, OH"
19061,IA,Dubuque County,Subscriptions,76.5484,4,263.96,"Dubuque County, IA"
37183,NC,Wake County,Consulting,76.5325,25,419.464,"Wake County, NC"
39093,OH,Lorain County,Subscriptions,76.1469,7,386.922,"Lorain County, OH"
01101,AL,Montgomery County,Training,75.6047,20,411.85,"Montgomery County, AL"
48453,TX,Travis County,Subscriptions,75.0254,29,2662.998,"Travis County, TX"
20055,KS,Finney County,Subscriptions,74.8142,2,257.98,"Finney County, KS"
21035,KY,Calloway County,Consulting,74.8098,3,191.82,"Calloway County, KY"
34009,NJ,Essex County,Consulting,74.4976,6,305.56,"Essex County, NJ"
51775,VA,Salem City,Subscriptions,74.094,6,293.76,"Salem City, VA"
26065,MI,Ingham County,Consulting,73.2932,7,308.96,"Ingham County, MI"
36011,NY,Cayuga County,Consulting,72.807,5,520.05,"Cayuga County, NY"
39173,OH,Wood County,Training,72.6486,14,798.641,"Wood County, OH"
34017,NJ,Hudson County,Subscriptions,72.3176,6,168.94,"Hudson County, NJ"
10001,DE,Kent County,Consulting,72.1224,7,298.04,"Kent County, DE"
55035,WI,Eau Claire County,Subscriptions,71.97,2,239.9,"Eau Claire County, WI"
12103,FL,Pinellas County,Consulting,71.8501,13,533.16,"Pinellas County, FL"
09007,CT,Middlesex County,Training,71.4408,21,707.2,"Middlesex County, CT"
44001,RI,Kent County,Training,70.5736,6,174.88,"Kent County, RI"
21009,KY,Boone County,Training,68.832,18,233.94,"Boone County, KY"
29009,MO,Boone County,Consulting,68.4929,4,393.83,"Boone County, MO"
22015,LA,Bossier Parish,Training,67.8712,14,640.52,"Bossier Parish, LA"
55063,WI,La Crosse County,Consulting,67.65,13,270.6,"La Crosse County, WI"
26005,MI,Allegan County,Training,66.6588,11,137.86,"Allegan County, MI"
41051,OR,Multnomah County,Consulting,66.362,22,2673.838,"Multnomah County, OR"
39033,OH,Lake County,Subscriptions,65.9934,3,239.976,"Lake County, OH"
47205,TN,Wilson County,Training,65.8075,11,248.92,"Wilson County, TN"
42035,PA,Delaware County,Training,64.7537,38,775.231,"Delaware County, PA"
36089,NY,Nassau County,Consulting,64.1762,55,5179.766,"Nassau County, NY"
05073,AR,Jefferson County,Subscriptions,63.984,5,199.95,"Jefferson County, AR"
20115,KS,Sedgwick County,Subscriptions,62.93,5,224.75,"Sedgwick County, KS"
40101,OK,Muskogee County,Consulting,62.9064,1,262.11,"Muskogee County, OK"
47119,TN,Maury County,Subscriptions,62.7804,6,485.568,"Maury County, TN"
39013,OH,Butler County,Training,62.3673,60,1282.243,"Butler County, OH"
06067,CA,Sacramento County,Subscriptions,62.131,10,544.308,"Sacramento County, CA"
45041,SC,Florence County,Training,61.2016,26,936.62,"Florence County, SC"
12099,FL,Palm Beach County,Consulting,61.1222,10,374.152,"Palm Beach County, FL"
51510,VA,Alexandria City,Subscriptions,61.0415,16,372.32,"Alexandria City, VA"
11001,DC,District of Columbia,Training,60.9434,24,138.52,"District of Columbia, DC"
12059,FL,Orange County,Training,60.8735,53,933.258,"Orange County, FL"
16001,ID,Ada County,Subscriptions,60.6456,6,394.746,"Ada County, ID"
25013,MA,Hampden County,Consulting,60.392,2,301.96,"Hampden County, MA"
13025,GA,Clarke County,Training,59.8595,14,198.25,"Clarke County, GA"
51650,VA,Hampton City,Subscriptions,58.812,5,226.2,"Hampton City, VA"
08073,CO,Jefferson County,Consulting,57.8198,7,497.136,"Jefferson County, CO"
27003,MN,Anoka County,Training,57.5016,4,221.16,"Anoka County, MN"
34003,NJ,Bergen County,Subscriptions,57.4113,3,197.97,"Bergen County, NJ"
37133,NC,Onslow County,Subscriptions,55.5174,35,1389.764,"Onslow County, NC"
53063,WA,Spokane County,Training,55.3089,24,309.83,"Spokane County, WA"
40033,OK,Comanche County,Consulting,54.7756,2,248.98,"Comanche County, OK"
16027,ID,Canyon County,Training,54.4672,8,117.28,"Canyon County, ID"
35111,NM,San Juan County,Subscriptions,54.3966,1,159.99,"San Juan County, NM"
26125,MI,Oakland County,Subscriptions,54.3332,4,132.52,"Oakland County, MI"
53019,WA,Clark County,Subscriptions,54.2782,7,618.376,"Clark County, WA"
18115,IN,Floyd County,Training,53.298,12,113.4,"Floyd County, IN"
06095,CA,Solano County,Subscriptions,53.272,2,532.72,"Solano County, CA"
47047,TN,Hamilton County,Consulting,52.9942,16,640.832,"Hamilton County, TN"
48039,TX,Brazoria County,Subscriptions,52.9173,3,470.376,"Brazoria County, TX"
13007,GA,Bibb County,Consulting,52.688,5,142.4,"Bibb County, GA"
06029,CA,Kern County,Consulting,52.349,12,847.968,"Kern County, CA"
06081,CA,San Mateo County,Training,49.4772,12,117.084,"San Mateo County, CA"
13007,GA,Bibb County,Training,49.1104,12,104.76,"Bibb County, GA"
06099,CA,Stanislaus County,Subscriptions,48.2174,8,164.582,"Stanislaus County, CA"
09007,CT,Middlesex County,Consulting,48.0951,5,209.41,"Middlesex County, CT"
27129,MN,Washington County,Subscriptions,47.92,4,119.8,"Washington County, MN"
36063,NY,Niagara County,Subscriptions,47.8065,3,164.85,"Niagara County, NY"
17001,IL,Adams County,Training,46.3827,36,221.516,"Adams County, IL"
05045,AR,Faulkner County,Consulting,45.294,2,301.96,"Faulkner County, AR"
12103,FL,Pinellas County,Training,44.2622,33,798.288,"Pinellas County, FL"
39047,OH,Hamilton County,Training,44.2221,47,519.604,"Hamilton County, OH"
36071,NY,Oneida County,Consulting,44.1794,7,170.442,"Oneida County, NY"
08005,CO,Arapahoe County,Subscriptions,43.6037,34,1117.432,"Arapahoe County, CO"
13069,GA,Houston County,Consulting,43.2234,3,392.94,"Houston County, GA"
13007,GA,Bibb County,Subscriptions,43.0551,7,116.85,"Bibb County, GA"
16005,ID,Bannock County,Training,42.8106,11,511.83,"Bannock County, ID"
30049,MT,Lewis and Clark County,Subscriptions,42.495,5,339.96,"Lewis and Clark County, MT"
36083,NY,Rensselaer County,Consulting,42.3688,12,552.014,"Rensselaer County, NY"
37025,NC,Cabarrus County,Training,42.048,18,134.504,"Cabarrus County, NC"
36083,NY,Rensselaer County,Subscriptions,41.0874,5,119.97,"Rensselaer County, NY"
13025,GA,Clarke County,Consulting,41.0388,3,186.54,"Clarke County, GA"
29027,MO,Clay County,Consulting,40.416,3,126.3,"Clay County, MO"
49005,UT,Cache County,Training,40.3392,9,197.476,"Cache County, UT"
46113,SD,Pennington County,Consulting,39.7488,2,141.96,"Pennington County, SD"
39013,OH,Butler County,Subscriptions,39.6412,9,168.516,"Butler County, OH"
45019,SC,Dorchester County,Subscriptions,39.55,2,79.1,"Dorchester County, SC"
28061,MS,Harrison County,Training,39.5381,13,80.05,"Harrison County, MS"
21301,KY,Warren County,Consulting,39.4268,1,140.81,"Warren County, KY"
25005,MA,Bristol County,Training,38.9712,17,83.94,"Bristol County, MA"
48199,TX,Williamson County,Subscriptions,38.1347,10,473.696,"Williamson County, TX"
09007,CT,Middlesex County,Subscriptions,38.08,2,238,"Middlesex County, CT"
28061,MS,Harrison County,Consulting,38.038,7,86.45,"Harrison County, MS"
37129,NC,New Hanover County,Subscriptions,37.797,3,302.376,"New Hanover County, NC"
18099,IN,Monroe County,Subscriptions,37.758,3,134.85,"Monroe County, IN"
08101,CO,Pueblo County,Training,36.4586,31,915.268,"Pueblo County, CO"
12103,FL,Pinellas County,Subscriptions,35.87,7,359.344,"Pinellas County, FL"
26145,MI,Saginaw County,Subscriptions,35.6346,2,131.98,"Saginaw County, MI"
01125,AL,Tuscaloosa County,Consulting,35.49,2,141.96,"Tuscaloosa County, AL"
06007,CA,Butte County,Training,35.4063,18,84.87,"Butte County, CA"
55035,WI,Douglas County,Subscriptions,35.2772,1,125.99,"Douglas County, WI"
34035,NJ,Cumberland County,Subscriptions,34.96,5,87.4,"Cumberland County, NJ"
06077,CA,San Joaquin County,Subscriptions,34.742,4,95.84,"San Joaquin County, CA"
23019,ME,Penobscot County,Consulting,33.9388,2,109.48,"Penobscot County, ME"
37139,NC,Union County,Subscriptions,33.5468,6,107.152,"Union County, NC"
55117,WI,Sheboygan County,Training,33.4509,8,77.76,"Sheboygan County, WI"
37057,NC,Davidson County,Training,33.3939,12,151.292,"Davidson County, NC"
26145,MI,Saginaw County,Training,33.2463,18,244.12,"Saginaw County, MI"
49035,UT,Salt Lake County,Consulting,32.5749,5,91.85,"Salt Lake County, UT"
55025,WI,Dane County,Subscriptions,32.0598,3,178.11,"Dane County, WI"
05051,AR,Garland County,Consulting,31.984,4,159.92,"Garland County, AR"
18157,IN,Tippecanoe County,Consulting,31.587,5,526.45,"Tippecanoe County, IN"
16005,ID,Bannock County,Subscriptions,31.4517,6,442.752,"Bannock County, ID"
53015,WA,Cowlitz County,Training,31.1948,5,94.36,"Cowlitz County, WA"
47089,TN,Madison County,Training,30.8959,27,233.352,"Madison County, TN"
06111,CA,Ventura County,Subscriptions,30.2313,7,98.934,"Ventura County, CA"
39047,OH,Hamilton County,Consulting,29.769,1,79.384,"Hamilton County, OH"
55063,WI,La Crosse County,Training,29.4436,4,59.86,"La Crosse County, WI"
51660,VA,Harrisonburg City,Training,29.2857,5,184.79,"Harrisonburg City, VA"
10001,DE,Kent County,Training,27.7598,8,64.3,"Kent County, DE"
53063,WA,Spokane County,Consulting,27.7038,3,640.548,"Spokane County, WA"
21301,KY,Warren County,Subscriptions,27.69,4,71,"Warren County, KY"
21027,KY,Daviess County,Training,27.6428,5,71.18,"Daviess County, KY"
46099,SD,Minnehaha County,Consulting,27.441,3,182.94,"Minnehaha County, SD"
26001,MI,Kent County,Subscriptions,27.4344,2,97.98,"Kent County, MI"
05051,AR,Garland County,Training,27.1008,10,55.92,"Garland County, AR"
19057,IA,Des Moines County,Training,26.6714,9,57.43,"Des Moines County, IA"
36025,NY,Suffolk County,Training,26.6304,1,55.48,"Suffolk County, NY"
35013,NM,Dona Ana County,Training,26.564,6,57.4,"Dona Ana County, NM"
20071,KS,Johnson County,Subscriptions,26.284,10,92.35,"Johnson County, KS"
37139,NC,Union County,Training,26.1444,5,72.672,"Union County, NC"
06061,CA,Placer County,Consulting,25.8906,17,60.43,"Placer County, CA"
48041,TX,El Paso County,Training,25.287,31,683.412,"El Paso County, TX"
48381,TX,Randall County,Training,25.272,8,73.92,"Randall County, TX"
37063,NC,Durham County,Consulting,25.1808,2,335.744,"Durham County, NC"
53173,WA,Thurston County,Training,25.0815,3,59.71,"Thurston County, WA"
06089,CA,Shasta County,Subscriptions,25.0182,3,333.576,"Shasta County, CA"
06113,CA,Yolo County,Training,24.9384,10,57.078,"Yolo County, CA"
39133,OH,Portage County,Training,24.6918,14,166.344,"Portage County, OH"
06113,CA,Yolo County,Subscriptions,23.9984,2,239.984,"Yolo County, CA"
20115,KS,Sedgwick County,Consulting,23.9904,6,70.56,"Sedgwick County, KS"
12059,FL,Orange County,Consulting,23.8476,8,419.456,"Orange County, FL"
34139,NJ,Union County,Consulting,23.4078,6,161.49,"Union County, NJ"
48041,TX,El Paso County,Subscriptions,23.2473,10,712.624,"El Paso County, TX"
53173,WA,Thurston County,Subscriptions,22.6764,4,201.568,"Thurston County, WA"
31091,NE,Dodge County,Subscriptions,22.3888,4,79.96,"Dodge County, NE"
28027,MS,DeSoto County,Consulting,22.3548,1,85.98,"DeSoto County, MS"
30049,MT,Lewis and Clark County,Consulting,21.7532,7,63.98,"Lewis and Clark County, MT"
18099,IN,Monroe County,Consulting,21.7515,3,127.95,"Monroe County, IN"
45041,SC,Florence County,Consulting,21.7515,3,127.95,"Florence County, SC"
12035,FL,Flagler County,Consulting,21.3592,5,232.736,"Flagler County, FL"
55035,WI,Douglas County,Consulting,21.33,5,47.4,"Douglas County, WI"
34035,NJ,Cumberland County,Training,21.1268,15,113.18,"Cumberland County, NJ"
30059,MT,Gallatin County,Training,20.8106,5,43.66,"Gallatin County, MT"
24129,MD,Washington County,Training,20.586,6,43.8,"Washington County, MD"
37205,NC,Wilson County,Consulting,20.392,4,163.136,"Wilson County, NC"
34127,NJ,Morris County,Consulting,20.1015,5,74.45,"Morris County, NJ"
18115,IN,Floyd County,Consulting,20.0549,3,96.15,"Floyd County, IN"
27027,MN,Clay County,Subscriptions,19.8276,4,63.96,"Clay County, MN"
27037,MN,Dakota County,Subscriptions,19.7714,2,45.98,"Dakota County, MN"
41071,OR,Jackson County,Training,19.7009,10,90.218,"Jackson County, OR"
21035,KY,Calloway County,Training,19.656,5,72.8,"Calloway County, KY"
47191,TN,Sumner County,Consulting,19.0848,4,72.704,"Sumner County, TN"
05007,AR,Benton County,Training,18.5886,9,40.41,"Benton County, AR"
35049,NM,Santa Fe County,Subscriptions,18.504,9,92.52,"Santa Fe County, NM"
12099,FL,Palm Beach County,Subscriptions,18.4868,6,122.368,"Palm Beach County, FL"
05091,AR,Miller County,Subscriptions,18.093,5,48.9,"Miller County, AR"
47205,TN,Wilson County,Subscriptions,17.9982,3,239.976,"Wilson County, TN"
06013,CA,Contra Costa County,Consulting,17.6404,12,561.036,"Contra Costa County, CA"
35013,NM,Dona Ana County,Consulting,17.3754,3,41.37,"Dona Ana County, NM"
23001,ME,Androscoggin County,Training,17.3102,4,38.1,"Androscoggin County, ME"
01073,AL,Jefferson County,Training,17.1585,13,499.87,"Jefferson County, AL"
26125,MI,Oakland County,Training,16.9632,4,35.34,"Oakland County, MI"
17197,IL,Will County,Subscriptions,16.704,2,148.48,"Will County, IL"
21127,KY,Scott County,Consulting,16.614,3,42.6,"Scott County, KY"
18067,IN,Henry County,Training,16.3863,7,60.69,"Henry County, IN"
39301,OH,Warren County,Consulting,16.3172,2,68.704,"Warren County, OH"
41093,OR,Marion County,Training,16.2823,70,380.445,"Marion County, OR"
10001,DE,Kent County,Subscriptions,16.2488,7,86.78,"Kent County, DE"
48167,TX,Galveston County,Training,15.9535,19,108.952,"Galveston County, TX"
20055,KS,Finney County,Training,15.8117,6,54.4,"Finney County, KS"
06053,CA,Monterey County,Consulting,15.6978,3,148.257,"Monterey County, CA"
08013,CO,Boulder County,Training,15.5701,48,393.364,"Boulder County, CO"
01125,AL,Tuscaloosa County,Training,15.5204,7,33.74,"Tuscaloosa County, AL"
22051,LA,Jefferson Parish,Subscriptions,15.1158,2,71.98,"Jefferson Parish, LA"
08001,CO,Adams County,Consulting,15.012,9,56.288,"Adams County, CO"
23001,ME,Androscoggin County,Subscriptions,14.9556,2,67.98,"Androscoggin County, ME"
55133,WI,Waukesha County,Training,14.17,5,54.5,"Waukesha County, WI"
47129,TN,Washington County,Subscriptions,13.798,4,220.768,"Washington County, TN"
41051,OR,Multnomah County,Training,13.118,68,1015.104,"Multnomah County, OR"
22019,LA,Calcasieu Parish,Consulting,12.99,2,51.96,"Calcasieu Parish, LA"
20071,KS,Johnson County,Consulting,12.9792,2,40.56,"Johnson County, KS"
24101,MD,Montgomery County,Training,12.9474,4,26.82,"Montgomery County, MD"
04003,AZ,Cochise County,Training,12.8769,7,61.704,"Cochise County, AZ"
27123,MN,Ramsey County,Consulting,12.8568,3,29.22,"Ramsey County, MN"
06029,CA,Kern County,Subscriptions,12.599,2,201.584,"Kern County, CA"
51003,VA,Albemarle County,Consulting,12.2328,4,67.96,"Albemarle County, VA"
36029,NY,Erie County,Subscriptions,12.208,4,43.6,"Erie County, NY"
29027,MO,Clay County,Subscriptions,12.1728,2,38.04,"Clay County, MO"
34007,NJ,Middlesex County,Consulting,12.098,1,120.98,"Middlesex County, NJ"
55009,WI,Brown County,Consulting,11.9364,4,35.7,"Brown County, WI"
47101,TN,Montgomery County,Subscriptions,11.9196,2,45.408,"Montgomery County, TN"
19013,IA,Black Hawk County,Training,11.8248,4,30.32,"Black Hawk County, IA"
48355,TX,Nueces County,Training,11.7716,18,112.264,"Nueces County, TX"
34001,NJ,Atlantic County,Training,11.68,2,23.36,"Atlantic County, NJ"
25005,MA,Bristol County,Subscriptions,11.5149,5,152.03,"Bristol County, MA"
53019,WA,Clark County,Training,11.4452,2,44.02,"Clark County, WA"
36063,NY,Niagara County,Training,11.4318,9,34.992,"Niagara County, NY"
18039,IN,Elkhart County,Subscriptions,11.1825,5,159.75,"Elkhart County, IN"
08069,CO,Larimer County,Training,11.0934,17,50.18,"Larimer County, CO"
20161,KS,Riley County,Subscriptions,10.9584,2,273.96,"Riley County, KS"
22073,LA,Ouachita Parish,Consulting,10.7892,2,29.16,"Ouachita Parish, LA"
47153,TN,Sullivan County,Consulting,10.647,3,170.352,"Sullivan County, TN"
13069,GA,Houston County,Training,10.465,7,41.86,"Houston County, GA"
51003,VA,Albemarle County,Training,10.395,3,34.65,"Albemarle County, VA"
22015,LA,Bossier Parish,Consulting,10.3936,4,129.92,"Bossier Parish, LA"
30049,MT,Lewis and Clark County,Training,10.374,5,39.9,"Lewis and Clark County, MT"
55087,WI,Outagamie County,Training,10.3488,7,21.56,"Outagamie County, WI"
55009,WI,Brown County,Training,10.224,4,22.72,"Brown County, WI"
53019,WA,Clark County,Consulting,9.7312,6,24.44,"Clark County, WA"
34035,NJ,Cumberland County,Consulting,9.6066,10,499.796,"Cumberland County, NJ"
12009,FL,Brevard County,Training,9.5616,2,95.616,"Brevard County, FL"
12099,FL,Palm Beach County,Training,9.2251,43,422.001,"Palm Beach County, FL"
36011,NY,Cayuga County,Subscriptions,9.1312,4,35.12,"Cayuga County, NY"
05119,AR,Pulaski County,Consulting,9.102,6,22.2,"Pulaski County, AR"
09011,CT,New London County,Consulting,9.102,6,22.2,"New London County, CT"
48023,TX,Hidalgo County,Subscriptions,9.0266,18,1078.256,"Hidalgo County, TX"
12127,FL,Volusia County,Training,8.9926,17,63.608,"Volusia County, FL"
29051,MO,Cole County,Consulting,8.662,2,86.62,"Cole County, MO"
39117,OH,Summit County,Training,8.4872,52,1134.13,"Summit County, OH"
26145,MI,Saginaw County,Consulting,8.2992,4,19.76,"Saginaw County, MI"
35009,NM,Curry County,Subscriptions,8.1072,3,101.34,"Curry County, NM"
39033,OH,Lake County,Training,8.0832,5,24,"Lake County, OH"
31089,NE,Madison County,Training,8.0178,3,17.43,"Madison County, NE"
31139,NE,Hall County,Training,7.98,2,15.96,"Hall County, NE"
53073,WA,Whatcom County,Training,7.85,5,25.12,"Whatcom County, WA"
53015,WA,Cowlitz County,Consulting,7.7035,5,24.85,"Cowlitz County, WA"
47089,TN,Madison County,Subscriptions,7.6154,2,46.864,"Madison County, TN"
17113,IL,McLean County,Subscriptions,7.4655,3,39.816,"McLean County, IL"
42035,PA,Delaware County,Consulting,7.1598,11,1074.556,"Delaware County, PA"
34017,NJ,Hudson County,Training,7.0854,3,14.46,"Hudson County, NJ"
08123,CO,Weld County,Training,7.008,2,18.688,"Weld County, CO"
31091,NE,Dodge County,Consulting,7.0048,2,15.92,"Dodge County, NE"
48101,TX,Montgomery County,Training,6.9795,9,111.672,"Montgomery County, TX"
33057,NH,Hillsborough County,Training,6.9654,6,14.82,"Hillsborough County, NH"
51660,VA,Harrisonburg City,Subscriptions,6.924,2,23.08,"Harrisonburg City, VA"
41017,OR,Deschutes County,Subscriptions,6.8698,11,578.312,"Deschutes County, OR"
19061,IA,Dubuque County,Training,6.858,4,15.24,"Dubuque County, IA"
13019,GA,Cherokee County,Training,6.7392,3,14.04,"Cherokee County, GA"
35015,NM,Eddy County,Subscriptions,6.704,4,67.04,"Eddy County, NM"
18067,IN,Henry County,Subscriptions,6.6976,2,23.92,"Henry County, IN"
16083,ID,Twin Falls County,Training,6.6352,4,20.416,"Twin Falls County, ID"
47057,TN,Davidson County,Consulting,6.6336,11,294.312,"Davidson County, TN"
46009,SD,Brown County,Training,6.63,3,25.5,"Brown County, SD"
49005,UT,Cache County,Subscriptions,6.624,12,82.8,"Cache County, UT"
39093,OH,Marion County,Subscriptions,6.5697,9,930.652,"Marion County, OH"
33057,NH,Hillsborough County,Consulting,6.5472,4,21.12,"Hillsborough County, NH"
18127,IN,Porter County,Training,6.512,2,16.28,"Porter County, IN"
05073,AR,Jefferson County,Training,6.2208,2,12.96,"Jefferson County, AR"
26073,MI,Isabella County,Consulting,6.1704,2,17.14,"Isabella County, MI"
18047,IN,Hamilton County,Training,5.652,2,12.56,"Hamilton County, IN"
18039,IN,Elkhart County,Training,5.4896,2,11.68,"Elkhart County, IN"
45019,SC,Charleston County,Training,5.3898,3,269.49,"Charleston County, SC"
40101,OK,Muskogee County,Training,5.311,5,19.67,"Muskogee County, OK"
46113,SD,Pennington County,Training,5.0196,2,10.68,"Pennington County, SD"
37059,NC,Orange County,Training,4.7304,3,14.016,"Orange County, NC"
22051,LA,Jefferson Parish,Training,4.6818,2,17.34,"Jefferson Parish, LA"
19113,IA,Linn County,Consulting,4.6221,3,14.91,"Linn County, IA"
48183,TX,Smith County,Subscriptions,4.5201,3,27.816,"Smith County, TX"
19071,IA,Johnson County,Training,4.4955,1,9.99,"Johnson County, IA"
55059,WI,Kenosha County,Training,4.494,1,14.98,"Kenosha County, WI"
37035,NC,Cumberland County,Subscriptions,4.4784,2,44.784,"Cumberland County, NC"
42011,PA,Berks County,Training,4.379,5,23.864,"Berks County, PA"
16027,ID,Canyon County,Consulting,4.2294,3,338.352,"Canyon County, ID"
04003,AZ,Cochise County,Consulting,3.9512,2,14.368,"Cochise County, AZ"
04015,AZ,Mohave County,Consulting,3.9512,2,14.368,"Mohave County, AZ"
39093,OH,Lorain County,Training,3.8751,10,104.741,"Lorain County, OH"
42077,PA,Lehigh County,Subscriptions,3.8024,4,21.728,"Lehigh County, PA"
45031,SC,York County,Training,3.792,3,11.85,"York County, SC"
35009,NM,Curry County,Training,3.528,7,10.08,"Curry County, NM"
06107,CA,Tulare County,Subscriptions,3.4848,8,7.92,"Tulare County, CA"
16069,ID,Nez Perce County,Training,3.3544,1,9.584,"Nez Perce County, ID"
08123,CO,Weld County,Consulting,3.3534,3,11.664,"Weld County, CO"
47095,TN,Knox County,Training,3.1112,48,500.068,"Knox County, TN"
37305,NC,Wayne County,Training,3.0576,3,34.944,"Wayne County, NC"
17033,IL,Lake County,Training,3.0078,14,43.48,"Lake County, IL"
05051,AR,Garland County,Subscriptions,2.999,1,29.99,"Garland County, AR"
04015,AZ,Mohave County,Training,2.772,1,7.92,"Mohave County, AZ"
17001,IL,Adams County,Subscriptions,2.7192,4,108.768,"Adams County, IL"
37035,NC,Catawba County,Subscriptions,2.7144,1,36.192,"Catawba County, NC"
06007,CA,Butte County,Subscriptions,2.6973,1,7.992,"Butte County, CA"
41129,OR,Washington County,Consulting,2.694,2,24.624,"Washington County, OR"
30111,MT,Yellowstone County,Training,2.6936,2,8.288,"Yellowstone County, MT"
49051,UT,Davis County,Training,2.3312,4,4.96,"Davis County, UT"
35049,NM,Santa Fe County,Training,2.184,5,8.4,"Santa Fe County, NM"
08073,CO,Jefferson County,Training,2.0358,3,6.264,"Jefferson County, CO"
42109,PA,Lancaster County,Consulting,1.7591,2,190.89,"Lancaster County, PA"
01073,AL,Jefferson County,Subscriptions,1.5588,2,25.98,"Jefferson County, AL"
37063,NC,Durham County,Subscriptions,1.3986,2,15.984,"Durham County, NC"
06079,CA,San Luis Obispo County,Training,1.1946,2,3.62,"San Luis Obispo County, CA"
55117,WI,Sheboygan County,Subscriptions,0.891,2,1.98,"Sheboygan County, WI"
08069,CO,Larimer County,Subscriptions,0.5998,2,47.984,"Larimer County, CO"
48073,TX,Jefferson County,Training,0.5002,16,74.476,"Jefferson County, TX"
47117,TN,Shelby County,Subscriptions,0.4752,2,1.584,"Shelby County, TN"
35111,NM,San Juan County,Training,0.3864,1,12.88,"San Juan County, NM"
48479,TX,Webb County,Training,-0.1486,19,66.9,"Webb County, TX"
47095,TN,Knox County,Subscriptions,-1.1196,4,89.568,"Knox County, TN"
42013,PA,Blair County,Training,-1.1835,9,20.451,"Blair County, PA"
12053,FL,Escambia County,Training,-1.476,3,2.214,"Escambia County, FL"
48085,TX,Collin County,Subscriptions,-1.6687,14,919.44,"Collin County, TX"
47129,TN,Washington County,Training,-1.9418,39,545.08,"Washington County, TN"
12113,FL,Polk County,Training,-2.9686,29,1825.794,"Polk County, FL"
48303,TX,Lubbock County,Training,-3.5312,14,87.428,"Lubbock County, TX"
12117,FL,Seminole County,Training,-3.5508,3,4.842,"Seminole County, FL"
48209,TX,Hays County,Subscriptions,-3.6372,2,20.784,"Hays County, TX"
48135,TX,Ector County,Training,-3.6512,11,72.578,"Ector County, TX"
12035,FL,Flagler County,Training,-3.704,15,41.692,"Flagler County, FL"
48123,TX,Taylor County,Training,-3.7584,2,1.392,"Taylor County, TX"
37035,NC,Catawba County,Training,-3.81,4,4.572,"Catawba County, NC"
39103,OH,Medina County,Training,-4.5894,5,42.922,"Medina County, OH"
48209,TX,Hays County,Consulting,-5.9409,3,10.332,"Hays County, TX"
47161,TN,Rutherford County,Subscriptions,-6.4266,18,141.408,"Rutherford County, TN"
08041,CO,El Paso County,Subscriptions,-6.534,4,58.08,"El Paso County, CO"
17177,IL,Stephenson County,Consulting,-6.8094,3,10.476,"Stephenson County, IL"
47047,TN,Hamilton County,Training,-7.1852,9,16.592,"Hamilton County, TN"
37147,NC,Pitt County,Training,-7.246,10,54.88,"Pitt County, NC"
37021,NC,Buncombe County,Training,-7.7401,23,111.416,"Buncombe County, NC"
12117,FL,Seminole County,Consulting,-8.2764,6,220.704,"Seminole County, FL"
47199,TN,Williamson County,Subscriptions,-9.153,3,40.68,"Williamson County, TN"
48157,TX,Fort Bend County,Training,-9.555,7,6.37,"Fort Bend County, TX"
12057,FL,Hillsborough County,Training,-9.7532,68,1745.971,"Hillsborough County, FL"
48209,TX,Hays County,Training,-9.7632,7,77.328,"Hays County, TX"
48303,TX,Lubbock County,Consulting,-11.322,5,25.16,"Lubbock County, TX"
39035,OH,Cuyahoga County,Training,-11.4817,159,4033.521,"Cuyahoga County, OH"
17111,IL,McHenry County,Consulting,-12.0784,8,845.488,"McHenry County, IL"
17113,IL,McLean County,Training,-12.1746,16,264.872,"McLean County, IL"
17111,IL,McHenry County,Training,-12.8075,7,11.762,"McHenry County, IL"
47057,TN,Davidson County,Subscriptions,-13.2367,17,3164.08,"Davidson County, TN"
48039,TX,Brazoria County,Training,-13.5042,10,24.62,"Brazoria County, TX"
41093,OR,Marion County,Subscriptions,-14.3984,26,646.8,"Marion County, OR"
37147,NC,Pitt County,Consulting,-16.3402,7,428.704,"Pitt County, NC"
42031,PA,York County,Consulting,-18.0882,3,422.058,"York County, PA"
47047,TN,Hamilton County,Subscriptions,-18.6172,13,331.379,"Hamilton County, TN"
47199,TN,Williamson County,Consulting,-19.6526,10,115.142,"Williamson County, TN"
39301,OH,Warren County,Training,-20.5524,5,25.56,"Warren County, OH"
08014,CO,Broomfield County,Training,-20.683,13,62.192,"Broomfield County, CO"
08041,CO,El Paso County,Training,-21.1017,56,429.129,"El Paso County, CO"
39093,OH,Marion County,Training,-21.263,17,252.592,"Marion County, OH"
08001,CO,Adams County,Training,-21.3148,20,228.28,"Adams County, CO"
42035,PA,Delaware County,Subscriptions,-23.5557,6,118.692,"Delaware County, PA"
12073,FL,Leon County,Consulting,-23.9744,10,393.056,"Leon County, FL"
47101,TN,Montgomery County,Consulting,-26.2104,7,465.088,"Montgomery County, TN"
48167,TX,Galveston County,Consulting,-27.0816,13,1557.388,"Galveston County, TX"
48451,TX,Tom Green County,Consulting,-27.686,9,638.988,"Tom Green County, TX"
06099,CA,Stanislaus County,Consulting,-28.2744,2,161.568,"Stanislaus County, CA"
42109,PA,Lancaster County,Subscriptions,-28.3321,3,151.53,"Lancaster County, PA"
17143,IL,Peoria County,Training,-29.8173,13,18.122,"Peoria County, IL"
48451,TX,Tom Green County,Training,-30.8672,4,11.648,"Tom Green County, TX"
39089,OH,Licking County,Training,-31.9619,60,844.086,"Licking County, OH"
48453,TX,Travis County,Consulting,-34.4093,9,535.684,"Travis County, TX"
08035,CO,Douglas County,Training,-34.6629,10,150.996,"Douglas County, CO"
04027,AZ,Yuma County,Training,-34.704,10,55.352,"Yuma County, AZ"
37205,NC,Wilson County,Training,-34.728,16,205.596,"Wilson County, NC"
39133,OH,Portage County,Subscriptions,-35.9925,6,179.958,"Portage County, OH"
48023,TX,Cameron County,Consulting,-37.7478,14,696.3668,"Cameron County, TX"
48121,TX,Denton County,Consulting,-38.3464,11,71.456,"Denton County, TX"
47161,TN,Rutherford County,Training,-39.9861,28,200.92,"Rutherford County, TN"
39117,OH,Lucas County,Training,-41.081,85,1485.441,"Lucas County, OH"
48183,TX,Smith County,Consulting,-41.262,3,82.524,"Smith County, TX"
17143,IL,Peoria County,Consulting,-42.9414,10,483.358,"Peoria County, IL"
33017,NH,Strafford County,Consulting,-45.1766,11,1193.024,"Strafford County, NH"
37035,NC,Cumberland County,Consulting,-50.3876,29,1000.128,"Cumberland County, NC"
48023,TX,Hidalgo County,Consulting,-51.745,8,203.698,"Hidalgo County, TX"
37081,NC,Guilford County,Training,-51.9329,27,193.328,"Guilford County, NC"
06083,CA,Santa Barbara County,Consulting,-54.3204,3,362.136,"Santa Barbara County, CA"
48355,TX,Nueces County,Consulting,-55.502,15,108.28,"Nueces County, TX"
48453,TX,Travis County,Training,-61.0099,93,2859.3,"Travis County, TX"
17197,IL,Will County,Training,-62.1918,33,176.412,"Will County, IL"
12127,FL,Volusia County,Consulting,-62.6334,5,377.8195,"Volusia County, FL"
47199,TN,Williamson County,Training,-63.7304,18,792.406,"Williamson County, TN"
47191,TN,Sumner County,Training,-64.4715,18,246.834,"Sumner County, TN"
17043,IL,Dupage County,Training,-64.7471,35,1071.308,"Dupage County, IL"
48135,TX,Ector County,Consulting,-66.0606,11,903.546,"Ector County, TX"
41017,OR,Deschutes County,Training,-68.7564,21,252.866,"Deschutes County, OR"
17183,IL,Vermilion County,Training,-69.3952,7,43.372,"Vermilion County, IL"
39117,OH,Summit County,Consulting,-70.8468,11,441.948,"Summit County, OH"
12086,FL,Miami-Dade County,Consulting,-74.1545,47,2976.1465,"Miami-Dade County, FL"
54115,WV,Ohio County,Consulting,-76.9536,3,673.344,"Ohio County, WV"
41129,OR,Washington County,Subscriptions,-77.7631,10,683.528,"Washington County, OR"
48073,TX,Jefferson County,Consulting,-78.5988,9,254.7568,"Jefferson County, TX"
39117,OH,Lucas County,Consulting,-81.1973,10,222.446,"Lucas County, OH"
47089,TN,Madison County,Consulting,-82.4682,19,1836.996,"Madison County, TN"
42031,PA,York County,Training,-84.081,16,395.92,"York County, PA"
39001,OH,Fairfield County,Consulting,-84.6132,14,389.066,"Fairfield County, OH"
42077,PA,Lehigh County,Consulting,-87.282,11,322.038,"Lehigh County, PA"
48309,TX,McLennan County,Consulting,-91.7586,3,328.3992,"McLennan County, TX"
37119,NC,Mecklenburg County,Subscriptions,-94.0636,56,7546.361,"Mecklenburg County, NC"
36119,NY,Westchester County,Consulting,-94.3949,14,1543.984,"Westchester County, NY"
39103,OH,Miami County,Training,-104.096,27,207.511,"Miami County, OH"
36099,NY,Monroe County,Consulting,-110.078,23,1467.806,"Monroe County, NY"
41017,OR,Deschutes County,Consulting,-112.5634,10,211.849,"Deschutes County, OR"
08013,CO,Boulder County,Consulting,-119.7539,27,1724.595,"Boulder County, CO"
48085,TX,Collin County,Training,-119.8032,34,598.24,"Collin County, TX"
12057,FL,Hillsborough County,Subscriptions,-119.9537,5,895.123,"Hillsborough County, FL"
17177,IL,Stephenson County,Training,-120.6404,9,205.344,"Stephenson County, IL"
08005,CO,Arapahoe County,Training,-128.8163,78,2010.744,"Arapahoe County, CO"
08035,CO,Douglas County,Consulting,-129.5264,14,916.946,"Douglas County, CO"
12011,FL,Broward County,Training,-134.5152,172,4583.022,"Broward County, FL"
48041,TX,Brazos County,Training,-134.6326,38,146.21,"Brazos County, TX"
39117,OH,Summit County,Subscriptions,-136.8512,15,1183.002,"Summit County, OH"
47153,TN,Sullivan County,Training,-137.1674,11,266.25,"Sullivan County, TN"
41129,OR,Washington County,Training,-139.6715,28,773.468,"Washington County, OR"
42109,PA,Lancaster County,Training,-142.3146,30,868.975,"Lancaster County, PA"
37071,NC,Gaston County,Training,-146.1256,4,194.356,"Gaston County, NC"
48479,TX,Webb County,Consulting,-150.414,5,139.92,"Webb County, TX"
12031,FL,Duval County,Training,-162.6685,120,4278.077,"Duval County, FL"
17019,IL,Champaign County,Consulting,-182.352,5,151.96,"Champaign County, IL"
39019,OH,Clark County,Training,-186.7773,74,1752.905,"Clark County, OH"
37081,NC,Guilford County,Consulting,-190.3569,15,826.3,"Guilford County, NC"
12057,FL,Hillsborough County,Consulting,-195.5297,32,2554.9865,"Hillsborough County, FL"
48041,TX,Brazos County,Consulting,-196.7014,8,761.488,"Brazos County, TX"
39033,OH,Lake County,Consulting,-197.3508,7,429.154,"Lake County, OH"
17087,IL,Macon County,Consulting,-200.4583,22,1677.791,"Macon County, IL"
39001,OH,Fairfield County,Training,-213.6271,86,1942.912,"Fairfield County, OH"
48127,TX,Walker County,Training,-214.8972,62,817.902,"Walker County, TX"
39117,OH,Lucas County,Subscriptions,-217.7185,27,2758.166,"Lucas County, OH"
08031,CO,Denver County,Training,-218.7264,66,3633.647,"Denver County, CO"
47117,TN,Shelby County,Consulting,-223.4078,28,2546.534,"Shelby County, TN"
48041,TX,El Paso County,Consulting,-228.435,24,2150.028,"El Paso County, TX"
39013,OH,Butler County,Consulting,-240.6816,19,1955.162,"Butler County, OH"
17089,IL,Kane County,Training,-243.5713,67,1372.73,"Kane County, IL"
39103,OH,Medina County,Consulting,-259.7994,6,504.038,"Medina County, OH"
08069,CO,Larimer County,Consulting,-259.908,9,858.052,"Larimer County, CO"
41093,OR,Marion County,Consulting,-264.215,5,377.45,"Marion County, OR"
48439,TX,Tarrant County,Training,-270.39,206,3646.236,"Tarrant County, TX"
42011,PA,Berks County,Consulting,-273.1432,11,849.848,"Berks County, PA"
17087,IL,Macon County,Training,-277.2047,42,602.986,"Macon County, IL"
39103,OH,Miami County,Subscriptions,-282.8457,10,1104.54,"Miami County, OH"
37133,NC,Onslow County,Consulting,-299.2724,19,1764.732,"Onslow County, NC"
48085,TX,Collin County,Consulting,-301.461,13,2302.9006,"Collin County, TX"
25021,MA,Norfolk County,Consulting,-303.9663,30,3325.794,"Norfolk County, MA"
04019,AZ,Pima County,Consulting,-319.0516,33,2671.45,"Pima County, AZ"
48023,TX,Hidalgo County,Training,-330.8975,61,1213.746,"Hidalgo County, TX"
39019,OH,Clark County,Consulting,-363.7414,19,1558.665,"Clark County, OH"
17033,IL,Lake County,Consulting,-371.2236,15,2193.487,"Lake County, IL"
12113,FL,Polk County,Consulting,-376.1587,27,2489.5405,"Polk County, FL"
48183,TX,Smith County,Training,-406.9667,10,236.866,"Smith County, TX"
48029,TX,Bexar County,Consulting,-415.2885,45,5155.246,"Bexar County, TX"
48309,TX,McLennan County,Training,-428.3448,14,277.708,"McLennan County, TX"
04027,AZ,Yuma County,Subscriptions,-431.2869,12,785.513,"Yuma County, AZ"
17043,IL,Dupage County,Consulting,-434.3281,21,2027.305,"Dupage County, IL"
48199,TX,Williamson County,Consulting,-439.046,7,420.8128,"Williamson County, TX"
37119,NC,Mecklenburg County,Consulting,-449.8209,25,1794.99,"Mecklenburg County, NC"
39103,OH,Miami County,Consulting,-487.6456,18,1868.484,"Miami County, OH"
39035,OH,Cuyahoga County,Subscriptions,-505.3742,42,2685.828,"Cuyahoga County, OH"
48381,TX,Randall County,Consulting,-507.7095,14,3048.5828,"Randall County, TX"
37147,NC,Pitt County,Subscriptions,-525.4022,10,1634.246,"Pitt County, NC"
48121,TX,Denton County,Training,-525.8616,42,562.71,"Denton County, TX"
39093,OH,Marion County,Consulting,-529.9599,15,1827.742,"Marion County, OH"
17093,IL,Kendall County,Training,-536.1276,13,321.978,"Kendall County, IL"
17113,IL,McLean County,Consulting,-537.4424,12,1025.996,"McLean County, IL"
17201,IL,Winnebago County,Consulting,-556.632,17,880.704,"Winnebago County, IL"
08031,CO,Denver County,Consulting,-607.3572,46,4088.56,"Denver County, CO"
39035,OH,Cuyahoga County,Consulting,-636.6983,53,5262.916,"Cuyahoga County, OH"
39059,OH,Franklin County,Subscriptions,-679.0421,105,8361.265,"Franklin County, OH"
39059,OH,Franklin County,Consulting,-684.5116,111,6276.43,"Franklin County, OH"
39093,OH,Lorain County,Consulting,-714.3433,19,1525.272,"Lorain County, OH"
48439,TX,Tarrant County,Consulting,-721.474,53,4208.4394,"Tarrant County, TX"
17201,IL,Winnebago County,Training,-736.8726,43,845.556,"Winnebago County, IL"
12011,FL,Broward County,Consulting,-765.5254,74,5126.698,"Broward County, FL"
48199,TX,Williamson County,Training,-782.52,6,3959.544,"Williamson County, TX"
48127,TX,Walker County,Consulting,-795.6645,40,4104.8668,"Walker County, TX"
08005,CO,Arapahoe County,Consulting,-796.8535,25,1151.684,"Arapahoe County, CO"
47057,TN,Davidson County,Training,-830.8877,86,2612.471,"Davidson County, TN"
37001,NC,Alamance County,Consulting,-852.791,11,2411.706,"Alamance County, NC"
47119,TN,Maury County,Consulting,-860.6561,28,3182.658,"Maury County, TN"
39019,OH,Clark County,Subscriptions,-869.6433,44,2301.597,"Clark County, OH"
04013,AZ,Maricopa County,Training,-881.3067,414,8863.733,"Maricopa County, AZ"
08041,CO,El Paso County,Consulting,-929.0484,50,3206.8,"El Paso County, CO"
12031,FL,Duval County,Consulting,-932.7053,57,7056.663,"Duval County, FL"
08101,CO,Pueblo County,Subscriptions,-937.4305,11,771.67,"Pueblo County, CO"
47101,TN,Montgomery County,Training,-1041.0624,18,1707.234,"Montgomery County, TN"
39103,OH,Medina County,Subscriptions,-1078.6558,27,1930.762,"Medina County, OH"
42077,PA,Lehigh County,Training,-1146.0666,23,2199.12,"Lehigh County, PA"
47095,TN,Knox County,Consulting,-1167.0671,29,3338.53,"Knox County, TN"
41101,OR,Lane County,Consulting,-1179.8545,30,3050.369,"Lane County, OR"
48029,TX,Bexar County,Subscriptions,-1193.8422,65,12401.626,"Bexar County, TX"
47117,TN,Shelby County,Training,-1246.0994,94,3483.183,"Shelby County, TN"
37001,NC,Alamance County,Training,-1283.3404,28,1885.62,"Alamance County, NC"
12031,FL,Duval County,Subscriptions,-1350.287,71,27798.588,"Duval County, FL"
12086,FL,Miami-Dade County,Training,-1590.0522,205,4228.204,"Miami-Dade County, FL"
48047,TX,Dallas County,Training,-1692.3453,434,6948.116,"Dallas County, TX"
37025,NC,Cabarrus County,Consulting,-1830.7348,26,4977.34,"Cabarrus County, NC"
17089,IL,Kane County,Consulting,-1963.4226,55,4251.426,"Kane County, IL"
48047,TX,Dallas County,Consulting,-2265.6044,127,8079.9702,"Dallas County, TX"
39089,OH,Licking County,Subscriptions,-2359.4326,38,5494.249,"Licking County, OH"
04013,AZ,Maricopa County,Consulting,-2433.7736,151,10825.105,"Maricopa County, AZ"
42101,PA,Philadelphia County,Subscriptions,-3143.1362,405,41923.319,"Philadelphia County, PA"
08013,CO,Boulder County,Subscriptions,-3267.2005,25,3867.545,"Boulder County, CO"
37001,NC,Alamance County,Subscriptions,-3758.3955,7,8383.956,"Alamance County, NC"
48145,TX,Harris County,Consulting,-3846.8826,317,24804.4584,"Harris County, TX"
42101,PA,Philadelphia County,Training,-3867.5058,1127,30658.153,"Philadelphia County, PA"
17075,IL,Cook County,Consulting,-4768.6012,280,14726.531,"Cook County, IL"
48029,TX,Bexar County,Training,-5689.9195,137,4286.656,"Bexar County, TX"
17075,IL,Cook County,Training,-6237.9972,760,14708.468,"Cook County, IL"
42101,PA,Philadelphia County,Consulting,-6827.1254,449,36495.541,"Philadelphia County, PA"
39001,OH,Fairfield County,Subscriptions,-6851.3777,21,5870.647,"Fairfield County, OH"
48145,TX,Harris County,Training,-8107.8068,960,16609.016,"Harris County, TX"